product_category_name,volume,avg_price,median_price,price_std,min_price,max_price,total_revenue,avg_freight,avg_weight,price_premium_index,price_range,coefficient_variation,demand_index,value_score
agro_industria_e_comercio,252,332.71,299.95,393.78,12.99,2990.0,83841.95,27.65,4248.31,2.75,2977.01,1.184,0.021,0.008
alimentos,526,57.26,48.89,41.31,9.99,274.99,30119.44,14.32,658.06,0.47,265.0,0.721,0.044,0.094
alimentos_bebidas,289,56.62,38.99,70.43,6.5,699.9,16363.53,16.36,1101.71,0.47,693.4,1.244,0.024,0.051
artes,219,112.89,97.5,435.61,3.5,6499.0,24721.97,19.14,1547.37,0.93,6495.5,3.859,0.019,0.02
artes_e_artesanato,24,75.58,44.9,74.0,9.8,289.49,1814.01,15.42,1369.88,0.63,279.69,0.979,0.002,0.003
artigos_de_festas,46,103.37,69.9,110.82,7.99,571.2,4755.18,19.16,2134.78,0.86,563.21,1.072,0.004,0.005
artigos_de_natal,155,56.95,39.9,52.5,5.5,295.0,8826.84,20.99,1871.86,0.47,289.5,0.922,0.013,0.028
audio,380,138.03,89.0,158.71,14.9,598.99,52450.37,15.74,1216.39,1.14,584.09,1.15,0.032,0.028
automotivo,4379,140.84,85.99,215.54,3.49,2258.0,616752.51,21.85,2593.62,1.17,2254.51,1.53,0.37,0.316
bebes,3196,135.94,77.94,225.06,3.54,3899.0,434479.61,22.38,3273.55,1.13,3895.46,1.656,0.27,0.239
bebidas,386,59.21,47.49,67.65,6.0,623.0,22854.56,15.2,1069.53,0.49,617.0,1.143,0.033,0.067
beleza_saude,9975,130.07,79.9,180.71,1.2,3124.0,1297490.77,18.9,1047.95,1.08,3122.8,1.389,0.844,0.781
brinquedos,4273,117.08,79.9,130.66,4.9,1699.99,500295.09,18.95,1848.53,0.97,1695.09,1.116,0.361,0.372
cama_mesa_banho,11823,92.41,78.9,80.64,6.99,1999.98,1092551.02,18.42,2118.74,0.76,1992.99,0.873,1.0,1.316
casa_conforto,475,135.84,89.9,104.52,6.99,799.0,64526.24,19.22,3078.95,1.12,792.01,0.769,0.04,0.036
casa_conforto_2,31,24.94,12.9,41.03,12.9,219.99,773.17,13.59,823.81,0.21,207.09,1.645,0.003,0.014
casa_construcao,634,138.2,95.0,145.12,8.97,1097.99,87618.34,22.81,3145.93,1.14,1089.02,1.05,0.054,0.047
cds_dvds_musicais,14,52.14,45.0,9.94,45.0,65.0,730.0,16.07,550.0,0.43,20.0,0.191,0.001,0.002
cine_foto,73,95.14,69.0,127.13,6.8,873.99,6945.36,17.31,1146.33,0.79,867.19,1.336,0.006,0.008
climatizacao,302,185.31,139.99,188.46,10.9,1599.0,55962.38,22.68,4099.69,1.53,1588.1,1.017,0.026,0.017
consoles_games,1191,139.47,59.99,229.03,5.18,4099.99,166114.63,17.54,453.24,1.15,4094.81,1.642,0.101,0.088
construcao_ferramentas_construcao,951,154.55,89.0,253.94,0.85,2300.0,146974.87,22.18,3101.75,1.28,2299.15,1.643,0.08,0.062
construcao_ferramentas_ferramentas,105,153.08,59.99,262.14,6.8,1899.0,16072.9,19.83,1157.93,1.27,1892.2,1.712,0.009,0.007
construcao_ferramentas_iluminacao,313,133.35,100.0,129.3,12.51,1290.0,41738.9,24.71,3301.01,1.1,1277.49,0.97,0.026,0.024
construcao_ferramentas_jardim,245,106.94,47.99,149.52,8.82,1349.9,26200.09,22.36,2294.61,0.89,1341.0800000000002,1.398,0.021,0.024
construcao_ferramentas_seguranca,199,210.94,128.25,315.43,8.9,3099.9,41977.51,20.04,790.88,1.75,3091.0,1.495,0.017,0.01
cool_stuff,3987,166.12,129.9,201.66,7.0,3109.99,662309.49,22.03,2523.23,1.37,3102.99,1.214,0.337,0.246
dvds_blu_ray,71,90.97,24.0,246.86,8.9,1420.0,6459.14,20.15,595.14,0.75,1411.1,2.714,0.006,0.008
eletrodomesticos,788,104.43,47.9,178.68,6.19,2090.0,82290.52,19.19,1919.24,0.86,2083.81,1.711,0.067,0.078
eletrodomesticos_2,268,459.95,228.94,518.04,13.9,2350.0,123265.31,46.18,9960.25,3.81,2336.1,1.126,0.023,0.006
eletronicos,2845,58.62,21.9,125.82,3.99,2470.5,166779.21,16.84,806.26,0.49,2466.51,2.146,0.241,0.492
eletroportateis,701,286.61,99.99,488.89,6.5,4799.0,200916.66,23.88,3018.2,2.37,4792.5,1.706,0.059,0.025
esporte_lazer,8945,114.48,76.9,162.89,4.5,4059.0,1023996.34,19.51,1749.83,0.95,4054.5,1.423,0.757,0.797
fashion_bolsas_e_acessorios,2151,75.42,49.0,95.65,6.0,1699.99,162219.83,15.65,392.87,0.62,1693.99,1.268,0.182,0.294
fashion_calcados,274,89.82,77.4,66.12,25.9,365.0,24609.37,18.59,1033.58,0.74,339.1,0.736,0.023,0.031
fashion_esporte,30,70.65,59.9,49.18,24.99,225.0,2119.51,19.27,340.0,0.58,200.01,0.696,0.003,0.005
fashion_roupa_feminina,48,58.41,49.5,39.17,19.9,198.9,2803.64,12.95,553.12,0.48,179.0,0.671,0.004,0.008
fashion_roupa_infanto_juvenil,8,71.23,69.94,31.83,39.99,110.0,569.85,11.94,265.0,0.59,70.00999999999999,0.447,0.001,0.002
fashion_roupa_masculina,145,80.22,59.9,53.04,14.9,292.5,11631.61,16.16,573.45,0.66,277.6,0.661,0.012,0.018
fashion_underwear_e_moda_praia,144,71.74,59.9,47.03,3.9,192.0,10330.25,14.51,268.92,0.59,188.1,0.656,0.012,0.02
ferramentas_jardim,4574,113.3,59.9,199.84,6.35,3930.0,518217.54,23.09,2909.91,0.94,3923.65,1.764,0.387,0.412
flores,33,33.64,25.99,16.74,15.6,65.9,1110.04,14.81,1834.85,0.28,50.300000000000004,0.498,0.003,0.011
fraldas_higiene,39,40.19,37.0,25.08,25.0,139.89,1567.59,14.71,665.38,0.33,114.88999999999999,0.624,0.003,0.009
industria_comercio_e_negocios,271,147.81,104.0,252.1,27.9,3089.0,40055.61,29.36,6669.96,1.22,3061.1,1.706,0.023,0.019
informatica_acessorios,8082,116.59,80.9,171.62,3.9,3699.99,942277.57,18.95,903.75,0.96,3696.0899999999997,1.472,0.684,0.713
instrumentos_musicais,718,293.77,94.9,449.42,4.9,4399.87,210928.73,27.32,3114.15,2.43,4394.97,1.53,0.061,0.025
la_cuisine,16,144.0,133.0,74.3,24.0,389.0,2303.98,24.18,3618.75,1.19,365.0,0.516,0.001,0.001
livros_importados,62,78.26,64.0,92.95,18.99,749.0,4851.85,13.05,625.81,0.65,730.01,1.188,0.005,0.008
livros_interesse_geral,565,85.31,44.9,106.45,6.0,899.9,48197.45,16.69,765.7,0.71,893.9,1.248,0.048,0.068
livros_tecnicos,270,71.37,57.49,62.49,9.95,384.93,19270.91,16.06,1008.56,0.59,374.98,0.876,0.023,0.039
malas_acessorios,1163,127.62,99.9,112.05,13.33,1197.9,148420.93,27.65,5703.06,1.06,1184.5700000000002,0.878,0.098,0.092
market_place,332,88.4,62.8,126.59,9.99,1964.0,29350.1,17.59,1111.83,0.73,1954.01,1.432,0.028,0.038
moveis_colchao_e_estofado,41,117.95,85.0,83.0,44.7,399.99,4835.88,41.77,8446.34,0.98,355.29,0.704,0.003,0.003
moveis_cozinha_area_de_servico_jantar_e_jardim,298,162.76,119.0,162.32,9.6,1320.0,48501.07,42.34,8695.56,1.35,1310.4,0.997,0.025,0.019
moveis_decoracao,8744,87.5,65.0,89.14,4.9,1899.0,765093.89,20.76,2676.63,0.72,1894.1,1.019,0.74,1.028
moveis_escritorio,1778,160.94,144.9,94.5,25.0,1189.9,286158.96,40.19,11279.66,1.33,1164.9,0.587,0.15,0.113
moveis_quarto,125,175.41,169.0,115.82,6.9,650.0,21925.68,44.03,10157.4,1.45,643.1,0.66,0.011,0.008
moveis_sala,528,138.37,103.97,115.95,13.9,839.99,73058.75,35.79,8129.58,1.15,826.09,0.838,0.045,0.039
musica,40,156.45,54.89,223.71,3.85,1165.97,6258.2,17.88,1849.5,1.29,1162.1200000000001,1.43,0.003,0.002
papelaria,2617,91.34,79.0,83.65,2.29,1693.0,239028.99,18.66,2756.21,0.76,1690.71,0.916,0.221,0.291
pc_gamer,10,167.59,129.99,48.89,129.99,239.0,1675.94,14.86,1978.4,1.39,109.00999999999999,0.292,0.001,0.001
pcs,220,1103.69,1100.0,647.38,34.5,6729.0,242811.61,48.01,6963.23,9.13,6694.5,0.587,0.019,0.002
perfumaria,3560,115.94,81.35,101.39,4.99,689.9,412754.81,15.83,477.28,0.96,684.91,0.875,0.301,0.314
pet_shop,2028,109.93,89.7,141.35,2.9,2498.0,222932.3,20.31,3043.49,0.91,2495.1,1.286,0.172,0.189
portateis_casa_forno_e_cafe,78,627.51,618.0,602.21,10.19,2899.0,48945.71,36.98,5176.82,5.19,2888.81,0.96,0.007,0.001
portateis_cozinha_e_preparadores_de_alimentos,15,264.57,34.9,411.06,17.42,1099.0,3968.53,20.65,2838.33,2.19,1081.58,1.554,0.001,0.0
relogios_presentes,6201,202.09,129.0,257.69,8.99,3999.9,1253143.3,16.83,579.23,1.67,3990.9100000000003,1.275,0.524,0.314
seguros_e_servicos,2,141.64,141.64,58.89,100.0,183.29,283.29,20.61,812.5,1.17,83.28999999999999,0.416,0.0,0.0
sinalizacao_e_seguranca,201,107.39,74.9,124.18,4.5,740.0,21584.81,32.52,3852.53,0.89,735.5,1.156,0.017,0.019
tablets_impressao_imagem,87,90.12,99.0,91.28,14.9,889.99,7840.31,14.95,304.66,0.75,875.09,1.013,0.007,0.009
telefonia,4721,71.89,29.99,135.9,5.0,2428.0,339399.16,15.71,261.8,0.6,2423.0,1.89,0.399,0.665
telefonia_fixa,271,227.68,64.98,422.01,6.0,1790.0,61701.26,17.58,564.51,1.88,1784.0,1.854,0.023,0.012
utilidades_domesticas,7355,90.63,59.8,139.85,3.06,6735.0,666587.0,20.97,3208.7,0.75,6731.94,1.543,0.622,0.829
