month,category,orders,revenue,avg_price,customers
1,agro_industria_e_comercio,17,5919.41,281.87666666666667,17
1,alimentos,21,911.23,41.41954545454546,21
1,alimentos_bebidas,10,363.98,30.331666666666667,10
1,artes,19,2540.77,133.72473684210527,19
1,artigos_de_festas,2,135.8,67.9,2
1,artigos_de_natal,9,851.5,85.15,9
1,audio,25,3840.18,142.2288888888889,25
1,automotivo,274,41751.74,136.44359477124183,272
1,bebes,244,38199.12,139.41284671532847,243
1,bebidas,40,2471.06,43.3519298245614,40
1,beleza_saude,654,89639.62,122.29143246930423,650
1,brinquedos,201,27712.01,130.10333333333332,201
1,cama_mesa_banho,744,85035.82,88.30303219106958,727
1,casa_conforto,18,3119.96,155.998,18
1,casa_conforto_2,2,72.8,36.4,2
1,casa_construcao,28,6214.33,144.5193023255814,28
1,cine_foto,2,199.98,99.99,2
1,climatizacao,25,5338.44,161.77090909090907,25
1,consoles_games,74,14611.88,182.64849999999998,73
1,construcao_ferramentas_construcao,41,10805.98,211.88196078431372,41
1,construcao_ferramentas_ferramentas,8,532.3,66.5375,8
1,construcao_ferramentas_iluminacao,6,2392.99,341.85571428571427,6
1,construcao_ferramentas_jardim,21,3961.88,158.4752,21
1,construcao_ferramentas_seguranca,9,2228.89,202.62636363636364,9
1,cool_stuff,321,49825.97,140.35484507042253,321
1,dvds_blu_ray,3,79.6,19.9,3
1,eletrodomesticos,27,1795.05,64.10892857142856,26
1,eletrodomesticos_2,19,12855.78,414.70258064516133,19
1,eletronicos,333,16839.27,45.75888586956522,332
1,eletroportateis,58,17111.55,280.5172131147541,58
1,esporte_lazer,648,105342.32,138.79093544137024,644
1,fashion_bolsas_e_acessorios,146,10252.08,60.66319526627219,142
1,fashion_calcados,8,800.3000000000001,72.75454545454546,8
1,fashion_esporte,2,119.8,59.9,2
1,fashion_roupa_feminina,5,239.09000000000003,47.818000000000005,5
1,fashion_roupa_masculina,6,677.5,96.78571428571429,6
1,fashion_underwear_e_moda_praia,10,891.75,89.175,10
1,ferramentas_jardim,245,36554.34,117.9172258064516,245
1,flores,7,284.6,28.46,7
1,fraldas_higiene,1,125.0,25.0,1
1,industria_comercio_e_negocios,16,3662.0,192.73684210526315,16
1,informatica_acessorios,617,88357.2,117.18461538461538,596
1,instrumentos_musicais,52,15745.32,291.58,52
1,la_cuisine,1,112.0,112.0,1
1,livros_importados,6,583.0,97.16666666666667,6
1,livros_interesse_geral,43,2415.04,51.38382978723404,43
1,livros_tecnicos,16,1176.55,69.20882352941176,16
1,malas_acessorios,127,20488.1,145.30567375886523,127
1,market_place,18,1265.76,63.288,18
1,moveis_colchao_e_estofado,9,860.5,95.61111111111111,9
1,moveis_cozinha_area_de_servico_jantar_e_jardim,21,5288.5,229.93478260869566,21
1,moveis_decoracao,615,72317.46,85.7858362989324,602
1,moveis_escritorio,113,21704.75,139.13301282051282,112
1,moveis_quarto,13,988.0,76.0,10
1,moveis_sala,30,3749.89,110.29088235294117,30
1,musica,3,44.769999999999996,14.923333333333332,3
1,papelaria,386,44842.97,102.85084862385321,385
1,pcs,13,10847.99,723.1993333333334,13
1,perfumaria,242,26170.06,96.56848708487085,242
1,pet_shop,90,12197.02,110.882,88
1,portateis_casa_forno_e_cafe,1,369.99,369.99,1
1,relogios_presentes,348,86360.54,219.74692111959286,346
1,seguros_e_servicos,1,183.29,183.29,1
1,sinalizacao_e_seguranca,7,1048.79,131.09875,7
1,tablets_impressao_imagem,3,161.8,53.93333333333334,3
1,telefonia,368,18383.05,44.29650602409638,368
1,telefonia_fixa,29,3136.52,95.0460606060606,29
1,utilidades_domesticas,343,44787.53,108.18243961352657,342
2,agro_industria_e_comercio,28,16737.62,288.57965517241377,27
2,alimentos,40,2664.37,54.37489795918367,40
2,alimentos_bebidas,21,1099.9,43.996,20
2,artes,12,1371.71,97.97928571428572,12
2,artigos_de_natal,17,2059.65,85.81875000000001,17
2,audio,20,3042.09,138.2768181818182,20
2,automotivo,380,56601.88,135.7359232613909,378
2,bebes,202,29073.8,137.7905213270142,199
2,bebidas,27,1967.44,61.4825,27
2,beleza_saude,762,114608.95,131.73442528735632,754
2,brinquedos,199,25514.74,113.9050892857143,195
2,cama_mesa_banho,739,81862.56,90.45586740331491,722
2,casa_conforto,23,3427.42,142.80916666666667,23
2,casa_conforto_2,2,38.7,12.9,2
2,casa_construcao,35,5999.5,139.52325581395348,35
2,cine_foto,3,286.99,95.66333333333334,3
2,climatizacao,23,5831.19,233.24759999999998,23
2,consoles_games,69,17228.19,236.002602739726,69
2,construcao_ferramentas_construcao,57,9340.76,129.73277777777778,56
2,construcao_ferramentas_ferramentas,11,1318.2,109.85000000000001,11
2,construcao_ferramentas_iluminacao,9,1610.8,94.75294117647059,9
2,construcao_ferramentas_jardim,15,2184.23,91.00958333333334,14
2,construcao_ferramentas_seguranca,8,6734.94,673.4939999999999,8
2,cool_stuff,251,44815.48,169.75560606060608,251
2,dvds_blu_ray,2,39.8,19.9,2
2,eletrodomesticos,55,6324.64,112.94000000000001,49
2,eletrodomesticos_2,22,9014.82,409.76454545454544,22
2,eletronicos,315,16134.1,45.576553672316386,313
2,eletroportateis,55,12700.64,204.8490322580645,55
2,esporte_lazer,724,94991.49,113.76226347305389,707
2,fashion_bolsas_e_acessorios,137,12428.63,83.41362416107383,134
2,fashion_calcados,12,1140.75,81.48214285714286,12
2,fashion_roupa_feminina,5,487.79,97.558,5
2,fashion_roupa_masculina,10,1095.84,99.62181818181817,10
2,fashion_underwear_e_moda_praia,13,796.27,53.084666666666664,13
2,ferramentas_jardim,295,40572.43,107.3344708994709,295
2,flores,4,134.48000000000002,33.620000000000005,4
2,fraldas_higiene,1,100.0,25.0,1
2,industria_comercio_e_negocios,30,4992.59,128.0151282051282,29
2,informatica_acessorios,898,113749.29000000001,103.50253867151957,869
2,instrumentos_musicais,47,13032.81,224.70362068965517,47
2,livros_importados,4,424.0,106.0,4
2,livros_interesse_geral,37,2685.36,72.5772972972973,37
2,livros_tecnicos,24,1570.21,58.15592592592593,24
2,malas_acessorios,65,8990.53,113.80417721518988,65
2,market_place,39,3685.03,69.5288679245283,39
2,moveis_colchao_e_estofado,6,389.4,64.89999999999999,6
2,moveis_cozinha_area_de_servico_jantar_e_jardim,19,5029.96,209.58166666666668,19
2,moveis_decoracao,563,62854.31,86.93542185338866,559
2,moveis_escritorio,125,31497.6,177.95254237288134,123
2,moveis_quarto,8,1544.8,171.64444444444445,8
2,moveis_sala,34,9912.01,180.21836363636365,34
2,musica,2,464.97,154.99,2
2,papelaria,163,14664.99,75.98440414507772,161
2,pc_gamer,1,129.99,129.99,1
2,pcs,1,3549.0,3549.0,1
2,perfumaria,247,29609.48,109.66474074074074,244
2,pet_shop,126,13588.09,93.71096551724138,126
2,portateis_casa_forno_e_cafe,5,3024.9,604.98,5
2,relogios_presentes,352,78342.86,200.8791282051282,349
2,sinalizacao_e_seguranca,10,715.79,47.71933333333333,9
2,tablets_impressao_imagem,20,1486.97,70.80809523809523,20
2,telefonia,433,21719.69,44.50756147540984,431
2,telefonia_fixa,28,8332.88,231.46888888888887,28
2,utilidades_domesticas,410,51491.13,100.76542074363992,407
3,agro_industria_e_comercio,27,7363.99,163.64422222222223,27
3,alimentos,55,4377.36,72.95599999999999,55
3,alimentos_bebidas,22,2626.5699999999997,105.06279999999998,22
3,artes,12,740.75,52.910714285714285,12
3,artigos_de_festas,5,913.9,152.31666666666666,5
3,artigos_de_natal,12,874.7800000000001,67.29076923076924,12
3,audio,46,11741.46,244.61374999999998,46
3,automotivo,401,60083.13,136.24292517006802,398
3,bebes,260,52224.48,184.53879858657245,259
3,bebidas,24,1426.57,54.86807692307692,24
3,beleza_saude,814,119148.01,130.7881558726674,812
3,brinquedos,322,37170.25,105.29815864022663,320
3,cama_mesa_banho,919,99477.81,86.72869224062772,900
3,casa_conforto,33,4645.78,136.6405882352941,33
3,casa_conforto_2,4,390.77,78.154,4
3,casa_construcao,39,8875.39,140.87920634920633,38
3,cine_foto,6,711.79,101.6842857142857,6
3,climatizacao,40,7121.39,165.61372093023257,40
3,consoles_games,102,23026.25,203.77212389380531,102
3,construcao_ferramentas_construcao,56,11372.38,149.6365789473684,56
3,construcao_ferramentas_ferramentas,8,931.3,103.47777777777777,8
3,construcao_ferramentas_iluminacao,12,2536.7,195.1307692307692,12
3,construcao_ferramentas_jardim,20,2497.23,108.57521739130435,20
3,construcao_ferramentas_seguranca,15,5754.87,239.78625,15
3,cool_stuff,363,64678.54,154.36405727923628,363
3,dvds_blu_ray,6,1923.5,274.7857142857143,6
3,eletrodomesticos,79,10251.93,125.02353658536586,76
3,eletrodomesticos_2,14,6149.1,439.2214285714286,14
3,eletronicos,276,16955.93,56.14546357615894,276
3,eletroportateis,67,28979.21,396.9754794520548,67
3,esporte_lazer,843,120197.45,120.19745,832
3,fashion_bolsas_e_acessorios,193,15675.63,73.25060747663551,190
3,fashion_calcados,25,2893.4,96.44666666666667,25
3,fashion_esporte,2,129.8,64.9,2
3,fashion_roupa_feminina,2,139.85999999999999,27.971999999999998,2
3,fashion_roupa_infanto_juvenil,2,79.98,39.99,2
3,fashion_roupa_masculina,7,580.8,64.53333333333333,7
3,fashion_underwear_e_moda_praia,11,683.54,62.13999999999999,11
3,ferramentas_jardim,326,56892.1,125.5896247240618,324
3,flores,3,89.67,29.89,3
3,fraldas_higiene,2,163.0,27.166666666666668,2
3,industria_comercio_e_negocios,28,3298.45,103.0765625,28
3,informatica_acessorios,788,115784.28,122.1353164556962,780
3,instrumentos_musicais,60,12489.53,192.1466153846154,60
3,la_cuisine,1,389.0,389.0,1
3,livros_importados,2,259.0,86.33333333333333,2
3,livros_interesse_geral,54,4418.89,66.95287878787879,53
3,livros_tecnicos,19,1033.47,51.673500000000004,19
3,malas_acessorios,87,12028.16,122.73632653061225,87
3,market_place,33,3446.33,98.46657142857143,33
3,moveis_colchao_e_estofado,4,440.0,110.0,4
3,moveis_cozinha_area_de_servico_jantar_e_jardim,15,2956.64,197.10933333333332,15
3,moveis_decoracao,707,78468.9,81.2307453416149,690
3,moveis_escritorio,211,43887.83,152.91926829268294,211
3,moveis_quarto,6,1171.7,167.3857142857143,6
3,moveis_sala,36,7093.7,154.2108695652174,35
3,musica,3,351.96,117.32,3
3,papelaria,202,19596.760000000002,85.57537117903931,200
3,perfumaria,290,41047.89,127.47791925465839,289
3,pet_shop,151,22528.04,128.00022727272727,151
3,portateis_casa_forno_e_cafe,7,9390.9,1043.4333333333334,7
3,relogios_presentes,492,129988.24,245.72446124763707,490
3,sinalizacao_e_seguranca,8,996.9,99.69,8
3,tablets_impressao_imagem,7,754.29,94.28625,7
3,telefonia,488,35244.85,65.87822429906542,486
3,telefonia_fixa,27,4034.94,109.05243243243244,27
3,utilidades_domesticas,516,54000.87,82.44407633587787,512
4,agro_industria_e_comercio,12,4500.7,375.05833333333334,12
4,alimentos,44,2255.73,46.03530612244898,44
4,alimentos_bebidas,18,652.97,31.093809523809526,18
4,artes,27,2260.18,83.71037037037037,27
4,artes_e_artesanato,1,15.99,15.99,1
4,artigos_de_festas,1,43.8,21.9,1
4,artigos_de_natal,10,344.15,26.47307692307692,10
4,audio,39,8577.16,194.93545454545455,39
4,automotivo,417,67615.58,145.7232327586207,416
4,bebes,270,54541.37,180.0045214521452,269
4,bebidas,31,5326.36,85.90903225806451,31
4,beleza_saude,802,116087.1,129.4170568561873,800
4,brinquedos,299,36903.39,114.25198142414861,297
4,cama_mesa_banho,842,102091.15000000001,94.35411275415898,826
4,casa_conforto,31,6335.5,113.13392857142857,31
4,casa_conforto_2,2,25.8,12.9,2
4,casa_construcao,64,10975.59,133.84865853658536,64
4,cds_dvds_musicais,1,65.0,65.0,1
4,cine_foto,7,639.74,91.39142857142858,7
4,climatizacao,36,5844.02,149.84666666666666,35
4,consoles_games,58,11091.28,168.04969696969698,58
4,construcao_ferramentas_construcao,78,13525.67,142.37547368421053,77
4,construcao_ferramentas_ferramentas,17,2201.04,115.84421052631579,17
4,construcao_ferramentas_iluminacao,37,4962.67,105.58872340425532,37
4,construcao_ferramentas_jardim,19,2817.0,108.34615384615384,19
4,construcao_ferramentas_seguranca,23,2887.26,120.30250000000001,23
4,cool_stuff,314,59576.56,174.2004678362573,312
4,dvds_blu_ray,6,1527.4,218.20000000000002,5
4,eletrodomesticos,115,16812.35,140.10291666666666,105
4,eletrodomesticos_2,25,22259.49,856.1342307692308,25
4,eletronicos,250,16688.46,62.50359550561797,250
4,eletroportateis,82,40297.79,424.18726315789473,81
4,esporte_lazer,730,94233.21,112.58448028673835,722
4,fashion_bolsas_e_acessorios,142,12942.15,78.43727272727273,142
4,fashion_calcados,31,2965.2000000000003,87.21176470588236,31
4,fashion_esporte,5,279.68,55.936,5
4,fashion_roupa_feminina,2,239.85000000000002,39.975,2
4,fashion_roupa_masculina,7,611.69,76.46125,7
4,fashion_underwear_e_moda_praia,10,458.19,45.819,10
4,ferramentas_jardim,337,68173.39,151.4964222222222,337
4,flores,3,158.4,52.800000000000004,3
4,fraldas_higiene,4,149.0,37.25,4
4,industria_comercio_e_negocios,48,5800.61,107.4187037037037,48
4,informatica_acessorios,601,81406.51,117.63946531791906,600
4,instrumentos_musicais,73,23562.74,298.26253164556965,73
4,la_cuisine,2,304.0,101.33333333333333,2
4,livros_importados,5,337.98,67.596,5
4,livros_interesse_geral,55,7218.889999999999,116.43370967741934,55
4,livros_tecnicos,24,1262.05,50.482,24
4,malas_acessorios,100,16869.08,147.9743859649123,99
4,market_place,35,5069.599999999999,117.89767441860464,35
4,moveis_colchao_e_estofado,1,109.4,109.4,1
4,moveis_cozinha_area_de_servico_jantar_e_jardim,27,4198.87,144.78862068965518,27
4,moveis_decoracao,635,82868.71,98.30214709371293,631
4,moveis_escritorio,136,30537.94,155.014923857868,136
4,moveis_quarto,11,2329.86,179.22,11
4,moveis_sala,36,7207.07,156.67543478260868,36
4,musica,7,1756.6599999999999,250.95142857142855,7
4,papelaria,167,17199.49,85.99745000000001,166
4,pc_gamer,2,389.97,129.99,2
4,pcs,13,14624.91,914.056875,13
4,perfumaria,261,39229.409999999996,134.80896907216493,259
4,pet_shop,199,25426.57,111.52004385964912,197
4,portateis_casa_forno_e_cafe,15,13980.98,932.0653333333333,15
4,relogios_presentes,563,125385.52,197.14704402515724,558
4,sinalizacao_e_seguranca,25,2350.36,60.26564102564103,25
4,tablets_impressao_imagem,10,1179.78,90.7523076923077,10
4,telefonia,391,25195.49,55.3747032967033,390
4,telefonia_fixa,17,5043.26,219.27217391304347,17
4,utilidades_domesticas,564,62328.54,91.12359649122807,563
5,agro_industria_e_comercio,12,4859.69,404.97416666666663,12
5,alimentos,39,1930.83,41.081489361702126,38
5,alimentos_bebidas,27,1709.73,38.8575,27
5,artes,43,9696.51,215.478,43
5,artes_e_artesanato,2,111.78999999999999,55.894999999999996,2
5,artigos_de_festas,3,100.69999999999999,25.174999999999997,3
5,artigos_de_natal,6,524.53,87.42166666666667,6
5,audio,37,4778.86,125.75947368421052,37
5,automotivo,404,61545.44,134.9680701754386,402
5,bebes,326,45534.97,121.75125668449198,323
5,bebidas,35,2880.98,58.79551020408163,35
5,beleza_saude,953,146767.99,132.94201992753622,946
5,brinquedos,410,55190.33,127.75539351851852,409
5,cama_mesa_banho,935,112459.28,93.56013311148087,921
5,casa_conforto,53,8339.47,138.99116666666666,53
5,casa_construcao,68,12567.880000000001,126.94828282828284,68
5,cine_foto,18,2336.29,122.96263157894737,18
5,climatizacao,21,3067.97,133.39,21
5,consoles_games,66,9701.050000000001,109.00056179775282,66
5,construcao_ferramentas_construcao,90,20848.59,165.465,90
5,construcao_ferramentas_ferramentas,7,1221.8,174.54285714285714,7
5,construcao_ferramentas_iluminacao,32,5567.81,129.4839534883721,32
5,construcao_ferramentas_jardim,19,2650.52,110.43833333333333,19
5,construcao_ferramentas_seguranca,25,8042.3099999999995,259.4293548387097,25
5,cool_stuff,405,66331.54,149.73259593679458,403
5,dvds_blu_ray,10,949.49,59.343125,10
5,eletrodomesticos,91,8240.960000000001,87.66978723404256,85
5,eletrodomesticos_2,32,17534.28,547.94625,32
5,eletronicos,285,24090.09,77.70996774193549,285
5,eletroportateis,55,15862.43,240.3398484848485,55
5,esporte_lazer,718,98703.71,118.49184873949581,709
5,fashion_bolsas_e_acessorios,202,21093.98,88.25933054393305,195
5,fashion_calcados,32,3410.14,103.33757575757575,32
5,fashion_esporte,3,124.84,41.61333333333334,3
5,fashion_roupa_feminina,5,422.40000000000003,84.48,5
5,fashion_roupa_infanto_juvenil,1,110.0,110.0,1
5,fashion_roupa_masculina,4,738.89,147.778,3
5,fashion_underwear_e_moda_praia,11,490.9,37.76153846153846,11
5,ferramentas_jardim,354,60762.33,132.9591466083151,352
5,flores,1,16.4,16.4,1
5,fraldas_higiene,3,117.0,39.0,3
5,industria_comercio_e_negocios,37,4410.79,102.57651162790698,37
5,informatica_acessorios,669,108354.62,130.39063778580024,664
5,instrumentos_musicais,78,41758.76,417.5876,78
5,la_cuisine,1,193.0,193.0,1
5,livros_importados,9,622.92,51.91,9
5,livros_interesse_geral,70,8455.48,111.25631578947367,70
5,livros_tecnicos,58,3317.48,56.22847457627119,57
5,malas_acessorios,108,20669.670000000002,166.69088709677422,108
5,market_place,34,3479.42,91.56368421052632,34
5,moveis_colchao_e_estofado,3,814.69,162.93800000000002,3
5,moveis_cozinha_area_de_servico_jantar_e_jardim,19,3614.5699999999997,164.29863636363635,19
5,moveis_decoracao,696,83290.24,89.17584582441114,688
5,moveis_escritorio,125,30324.06,182.67506024096386,124
5,moveis_quarto,11,3854.95,256.99666666666667,11
5,moveis_sala,42,7780.41,152.55705882352942,41
5,musica,5,729.0,145.8,5
5,papelaria,186,19646.260000000002,95.83541463414635,185
5,pc_gamer,1,129.99,129.99,1
5,pcs,7,9429.92,673.5657142857143,7
5,perfumaria,314,45940.4,130.8843304843305,313
5,pet_shop,193,21322.34,95.61587443946189,193
5,portateis_casa_forno_e_cafe,9,10161.6,1129.0666666666666,9
5,portateis_cozinha_e_preparadores_de_alimentos,2,1958.0,979.0,2
5,relogios_presentes,722,166184.41,211.69988535031848,717
5,sinalizacao_e_seguranca,9,1192.35,108.39545454545454,9
5,tablets_impressao_imagem,8,1564.88,195.61,8
5,telefonia,447,31746.72,65.05475409836066,445
5,telefonia_fixa,22,2408.43,89.2011111111111,22
5,utilidades_domesticas,757,86760.75,89.90751295336787,751
6,agro_industria_e_comercio,11,4905.8,445.9818181818182,11
6,alimentos,25,1548.98,59.576153846153844,25
6,alimentos_bebidas,11,351.25,27.01923076923077,11
6,artes,33,2947.84,73.696,33
6,artigos_de_festas,2,84.80000000000001,42.400000000000006,2
6,artigos_de_natal,8,490.89,49.089,8
6,audio,30,3560.69,111.2715625,30
6,automotivo,375,82862.21,192.25570765661254,373
6,bebes,279,43524.61,136.8698427672956,279
6,bebidas,31,1769.48,50.55657142857143,31
6,beleza_saude,1038,142674.8,121.42536170212765,1027
6,brinquedos,329,39110.79,107.44722527472528,328
6,cama_mesa_banho,992,112626.07,90.39010433386838,973
6,casa_conforto,34,8728.58,189.75173913043477,34
6,casa_conforto_2,2,38.7,12.9,2
6,casa_construcao,64,11346.79,140.08382716049383,64
6,cine_foto,10,526.75,35.11666666666667,10
6,climatizacao,18,5652.38,217.39923076923077,18
6,consoles_games,68,12820.33,170.93773333333334,68
6,construcao_ferramentas_construcao,112,23710.08,191.21032258064517,111
6,construcao_ferramentas_ferramentas,4,527.0,131.75,4
6,construcao_ferramentas_iluminacao,35,4629.41,102.87577777777777,35
6,construcao_ferramentas_jardim,14,1433.93,84.34882352941177,14
6,construcao_ferramentas_seguranca,16,2664.37,156.72764705882352,16
6,cool_stuff,297,58377.51,185.32542857142857,297
6,dvds_blu_ray,9,509.57,50.957,9
6,eletrodomesticos,109,8449.56,76.12216216216216,97
6,eletrodomesticos_2,24,15438.36,376.54536585365855,23
6,eletronicos,214,11826.15,50.11080508474576,214
6,eletroportateis,67,25929.49,345.72653333333335,67
6,esporte_lazer,627,80598.5,109.06427604871448,622
6,fashion_bolsas_e_acessorios,159,16160.65,88.79478021978022,158
6,fashion_calcados,27,2991.48,90.6509090909091,27
6,fashion_esporte,6,495.49,82.58166666666666,6
6,fashion_roupa_feminina,3,154.8,51.6,3
6,fashion_roupa_infanto_juvenil,2,199.99,99.995,2
6,fashion_roupa_masculina,14,1067.39,59.29944444444445,14
6,fashion_underwear_e_moda_praia,4,193.1,21.455555555555556,4
6,ferramentas_jardim,251,34327.36,111.81550488599349,251
6,flores,1,108.0,54.0,1
6,fraldas_higiene,7,321.0,45.857142857142854,7
6,industria_comercio_e_negocios,23,2886.87,103.10249999999999,23
6,informatica_acessorios,577,82001.46,116.8111965811966,573
6,instrumentos_musicais,63,23060.74,329.4391428571429,63
6,livros_importados,10,567.17,51.560909090909085,10
6,livros_interesse_geral,53,5285.47,88.09116666666667,53
6,livros_tecnicos,28,1893.33,67.61892857142857,28
6,malas_acessorios,96,13991.57,135.8404854368932,96
6,market_place,22,1815.41,78.93086956521739,21
6,moveis_cozinha_area_de_servico_jantar_e_jardim,26,5481.13,121.80288888888889,26
6,moveis_decoracao,498,60081.76,92.14993865030675,495
6,moveis_escritorio,105,20582.53,157.1185496183206,105
6,moveis_quarto,10,1868.98,169.90727272727273,10
6,moveis_sala,39,5682.61,118.38770833333332,39
6,musica,7,1179.83,147.47875,7
6,papelaria,182,17466.75,81.2406976744186,181
6,pc_gamer,1,129.99,129.99,1
6,pcs,8,13127.0,1009.7692307692307,8
6,perfumaria,315,53339.0,148.5766016713092,313
6,pet_shop,212,27115.15,105.09748062015504,212
6,portateis_casa_forno_e_cafe,4,3570.9,892.725,4
6,relogios_presentes,566,119118.76,190.590016,563
6,sinalizacao_e_seguranca,20,6137.08,211.62344827586207,20
6,tablets_impressao_imagem,7,842.0,93.55555555555556,7
6,telefonia,356,33993.3,86.05898734177217,355
6,telefonia_fixa,27,3046.98,101.566,27
6,utilidades_domesticas,759,84275.9,86.61449126413154,756
7,agro_industria_e_comercio,30,9877.19,308.6621875,30
7,alimentos,66,3962.33,55.807464788732396,66
7,alimentos_bebidas,22,981.9300000000001,37.76653846153847,22
7,artes,24,2329.94,93.19760000000001,24
7,artes_e_artesanato,11,784.47,65.3725,11
7,artigos_de_festas,3,127.4,42.46666666666667,3
7,artigos_de_natal,10,574.65,57.464999999999996,10
7,audio,28,2834.33,97.73551724137931,28
7,automotivo,433,58680.81,123.53854736842105,430
7,bebes,334,41269.89,108.89153034300791,334
7,bebidas,19,1609.14,80.45700000000001,19
7,beleza_saude,991,144452.35,127.83393805309736,978
7,brinquedos,351,43439.83,112.83072727272727,351
7,cama_mesa_banho,1031,124654.87,98.9324365079365,1018
7,casa_conforto,60,7772.83,109.47647887323943,60
7,casa_conforto_2,3,51.6,12.9,3
7,casa_construcao,59,7143.6,109.90153846153846,59
7,cds_dvds_musicais,4,225.0,45.0,4
7,cine_foto,7,1178.54,168.36285714285714,7
7,climatizacao,20,4053.96,184.2709090909091,19
7,consoles_games,95,15776.26,153.167572815534,95
7,construcao_ferramentas_construcao,103,16061.210000000001,129.5258870967742,103
7,construcao_ferramentas_ferramentas,10,5501.2,458.43333333333334,10
7,construcao_ferramentas_iluminacao,41,8045.51,136.36457627118645,41
7,construcao_ferramentas_jardim,27,2304.05,69.81969696969698,27
7,construcao_ferramentas_seguranca,15,1888.95,125.93,15
7,cool_stuff,340,70754.69,189.18366310160428,340
7,dvds_blu_ray,5,833.6899999999999,166.738,5
7,eletrodomesticos,116,9200.42,77.31445378151261,108
7,eletrodomesticos_2,29,13631.31,454.377,28
7,eletronicos,232,21128.93,78.83929104477612,232
7,eletroportateis,69,13461.61,172.5847435897436,69
7,esporte_lazer,755,100606.08,112.03349665924276,744
7,fashion_bolsas_e_acessorios,158,11976.36,68.43634285714286,157
7,fashion_calcados,24,2243.2,89.728,24
7,fashion_esporte,1,69.9,69.9,1
7,fashion_roupa_feminina,4,310.70000000000005,77.67500000000001,4
7,fashion_roupa_masculina,13,1138.39,66.96411764705883,13
7,fashion_underwear_e_moda_praia,5,684.1,68.41,5
7,ferramentas_jardim,313,48364.79,127.27576315789474,313
7,flores,2,47.989999999999995,23.994999999999997,2
7,fraldas_higiene,4,149.8,37.45,4
7,industria_comercio_e_negocios,15,4943.17,308.948125,15
7,informatica_acessorios,663,85291.42,108.10065906210393,658
7,instrumentos_musicais,61,18262.989999999998,250.17794520547943,61
7,la_cuisine,4,718.98,119.83,4
7,livros_importados,6,402.78,50.3475,6
7,livros_interesse_geral,37,5399.84,138.45743589743591,37
7,livros_tecnicos,30,2634.81,87.827,30
7,malas_acessorios,126,15472.130000000001,109.73141843971632,126
7,market_place,17,1902.04,95.102,17
7,moveis_colchao_e_estofado,2,239.3,119.65,2
7,moveis_cozinha_area_de_servico_jantar_e_jardim,30,5192.45,152.71911764705882,30
7,moveis_decoracao,600,74992.84,93.15880745341614,594
7,moveis_escritorio,161,33877.49,157.56972093023253,159
7,moveis_quarto,12,4390.89,146.363,12
7,moveis_sala,77,12288.35,133.56902173913045,76
7,musica,4,1178.3,294.575,4
7,papelaria,244,24799.64,89.2073381294964,243
7,pc_gamer,2,677.0,225.66666666666666,2
7,pcs,8,11239.0,1404.875,8
7,perfumaria,293,36189.84,105.81824561403508,290
7,pet_shop,211,26771.61,105.40003937007874,210
7,portateis_casa_forno_e_cafe,14,4699.67,313.3113333333333,14
7,portateis_cozinha_e_preparadores_de_alimentos,7,172.03,21.50375,7
7,relogios_presentes,671,137342.86000000002,188.14090410958906,665
7,sinalizacao_e_seguranca,24,4315.38,123.29657142857143,24
7,tablets_impressao_imagem,2,198.0,99.0,2
7,telefonia,342,37216.42,96.41559585492227,340
7,telefonia_fixa,16,9538.12,476.90600000000006,16
7,utilidades_domesticas,699,89534.81,99.81584169453734,695
8,agro_industria_e_comercio,15,5109.09,232.23136363636365,15
8,alimentos,111,8940.65,66.72126865671642,111
8,alimentos_bebidas,28,1562.62,41.12157894736842,28
8,artes,22,1826.08,79.39478260869565,22
8,artes_e_artesanato,9,901.76,100.19555555555556,8
8,artigos_de_festas,14,1555.29,91.48764705882353,14
8,artigos_de_natal,12,623.27,51.939166666666665,12
8,audio,31,3323.7,87.46578947368421,31
8,automotivo,485,72772.19,129.71869875222816,485
8,bebes,331,43078.590000000004,120.33125698324024,331
8,bebidas,27,1597.13,49.9103125,27
8,beleza_saude,1123,174685.78,140.1972552166934,1117
8,brinquedos,325,36759.51,102.39417827298051,324
8,cama_mesa_banho,1006,122658.28,97.81362041467304,999
8,casa_conforto,39,6331.37,140.6971111111111,39
8,casa_conforto_2,2,38.7,12.9,2
8,casa_construcao,46,7140.96,142.8192,46
8,cds_dvds_musicais,2,135.0,45.0,2
8,cine_foto,9,685.28,68.52799999999999,9
8,climatizacao,29,7954.53,214.9872972972973,29
8,consoles_games,141,14208.53,88.8033125,141
8,construcao_ferramentas_construcao,130,24543.11,138.6616384180791,130
8,construcao_ferramentas_ferramentas,14,1255.77,89.69785714285715,14
8,construcao_ferramentas_iluminacao,58,8888.53,132.66462686567166,58
8,construcao_ferramentas_jardim,26,5119.85,150.58382352941177,26
8,construcao_ferramentas_seguranca,23,4079.02,151.0748148148148,23
8,cool_stuff,361,62943.68,156.18779156327543,360
8,dvds_blu_ray,7,122.29999999999998,17.471428571428568,7
8,eletrodomesticos,113,11597.4,97.45714285714286,105
8,eletrodomesticos_2,32,15066.21,443.12382352941177,30
8,eletronicos,167,13802.12,77.9780790960452,166
8,eletroportateis,57,12000.97,190.4915873015873,57
8,esporte_lazer,819,94558.8,103.23013100436681,811
8,fashion_bolsas_e_acessorios,211,15557.78,65.9227966101695,209
8,fashion_calcados,21,2132.79,78.99222222222222,21
8,fashion_esporte,3,335.70000000000005,111.90000000000002,3
8,fashion_roupa_feminina,6,318.67,45.52428571428572,6
8,fashion_roupa_infanto_juvenil,1,49.9,49.9,1
8,fashion_roupa_masculina,16,1886.3300000000002,82.01434782608696,16
8,fashion_underwear_e_moda_praia,15,1330.9,88.72666666666667,15
8,ferramentas_jardim,321,43505.93,110.14159493670886,320
8,fraldas_higiene,3,231.89,77.29666666666667,3
8,industria_comercio_e_negocios,12,3321.59,255.5069230769231,12
8,informatica_acessorios,681,77229.73,96.65798498122653,678
8,instrumentos_musicais,63,18344.89,265.86797101449275,63
8,la_cuisine,2,313.0,156.5,2
8,livros_importados,2,810.0,405.0,2
8,livros_interesse_geral,63,4811.08,72.89515151515151,62
8,livros_tecnicos,37,2795.07,71.66846153846154,37
8,malas_acessorios,122,14094.51,105.1829104477612,122
8,market_place,30,2949.46,92.170625,30
8,moveis_colchao_e_estofado,2,509.39,254.695,2
8,moveis_cozinha_area_de_servico_jantar_e_jardim,27,3198.57,110.29551724137932,27
8,moveis_decoracao,676,81527.41,88.90666303162487,670
8,moveis_escritorio,70,16881.21,187.569,70
8,moveis_quarto,13,2815.0,187.66666666666666,12
8,moveis_sala,59,7913.11,121.74015384615385,59
8,musica,6,497.81,82.96833333333333,6
8,papelaria,234,22588.46,89.28245059288537,233
8,pc_gamer,1,219.0,219.0,1
8,pcs,39,43611.5,1038.3690476190477,38
8,perfumaria,325,38986.43,108.90064245810056,324
8,pet_shop,243,36220.52,122.3666216216216,241
8,portateis_casa_forno_e_cafe,19,3105.7799999999997,163.4621052631579,19
8,portateis_cozinha_e_preparadores_de_alimentos,5,1838.5,367.7,5
8,relogios_presentes,587,114376.97,177.32863565891472,584
8,sinalizacao_e_seguranca,20,2203.39,84.74576923076923,20
8,tablets_impressao_imagem,6,549.89,78.55571428571429,6
8,telefonia,377,50367.09,117.4058041958042,374
8,telefonia_fixa,24,6067.71,202.257,24
8,utilidades_domesticas,811,88868.6,91.71166150670796,808
9,agro_industria_e_comercio,3,1993.99,498.4975,3
9,alimentos,13,992.92,58.40705882352941,13
9,alimentos_bebidas,6,310.86,34.54,6
9,artes,3,388.54,129.51333333333335,3
9,artigos_de_festas,1,269.8,134.9,1
9,artigos_de_natal,3,254.7,63.675,3
9,audio,10,1272.58,115.68909090909091,10
9,automotivo,97,14675.77,132.21414414414414,97
9,bebes,165,25778.12,142.42055248618783,161
9,bebidas,7,327.97,40.99625,7
9,beleza_saude,361,53611.23,134.36398496240602,350
9,brinquedos,273,32660.3,104.34600638977635,271
9,cama_mesa_banho,461,55865.340000000004,98.52793650793652,454
9,casa_conforto,26,4592.34,139.16181818181818,26
9,casa_conforto_2,1,12.9,12.9,1
9,casa_construcao,9,1357.81,123.43727272727273,9
9,cine_foto,1,69.0,69.0,1
9,climatizacao,8,1731.05,216.38125,8
9,consoles_games,61,10025.25,145.29347826086956,61
9,construcao_ferramentas_construcao,8,1289.2,117.2,8
9,construcao_ferramentas_ferramentas,3,916.89,305.63,3
9,construcao_ferramentas_iluminacao,1,229.0,229.0,1
9,construcao_ferramentas_jardim,5,297.5,49.583333333333336,5
9,construcao_ferramentas_seguranca,4,1124.54,224.908,4
9,cool_stuff,200,38801.12,183.02415094339625,198
9,dvds_blu_ray,2,59.699999999999996,19.9,2
9,eletrodomesticos,10,1820.19,182.019,9
9,eletrodomesticos_2,6,1627.8,271.3,6
9,eletronicos,65,4828.96,68.98514285714286,65
9,eletroportateis,32,11367.53,315.76472222222225,32
9,esporte_lazer,416,51210.07,108.26653276955602,411
9,fashion_bolsas_e_acessorios,103,12168.6,93.60461538461539,98
9,fashion_calcados,13,1179.6000000000001,84.25714285714287,13
9,fashion_esporte,2,384.6,76.92,2
9,fashion_roupa_feminina,3,355.7,88.925,3
9,fashion_roupa_infanto_juvenil,1,89.99,89.99,1
9,fashion_roupa_masculina,10,1387.2,73.01052631578948,10
9,fashion_underwear_e_moda_praia,16,2109.2,91.70434782608694,16
9,ferramentas_jardim,179,24899.42,105.95497872340425,179
9,industria_comercio_e_negocios,2,219.98,109.99,2
9,informatica_acessorios,216,30928.36,114.97531598513011,216
9,instrumentos_musicais,24,9166.77,305.559,24
9,livros_importados,3,290.0,72.5,3
9,livros_interesse_geral,15,1087.64,67.9775,15
9,livros_tecnicos,8,1001.35,125.16875,8
9,malas_acessorios,41,4270.28,88.96416666666666,40
9,market_place,11,1272.19,97.86076923076924,11
9,moveis_colchao_e_estofado,1,86.5,86.5,1
9,moveis_cozinha_area_de_servico_jantar_e_jardim,6,609.09,101.515,6
9,moveis_decoracao,276,31607.21,86.8329945054945,271
9,moveis_escritorio,37,12088.289999999999,124.62154639175257,37
9,moveis_quarto,3,709.6,177.4,3
9,moveis_sala,11,1275.8700000000001,115.98818181818183,11
9,papelaria,71,6190.31,79.36294871794873,71
9,pcs,40,63828.37,1276.5674000000001,39
9,perfumaria,142,16319.93,91.685,141
9,pet_shop,62,8818.710000000001,117.5828,61
9,portateis_casa_forno_e_cafe,1,640.99,640.99,1
9,relogios_presentes,255,48198.28,172.13671428571428,254
9,seguros_e_servicos,1,100.0,100.0,1
9,sinalizacao_e_seguranca,5,438.4,48.71111111111111,5
9,tablets_impressao_imagem,3,233.9,77.96666666666667,3
9,telefonia,165,18865.37,105.3931284916201,165
9,telefonia_fixa,6,13692.91,1053.3007692307692,6
9,utilidades_domesticas,223,21344.15,79.94063670411985,221
10,agro_industria_e_comercio,5,3350.2799999999997,670.0559999999999,5
10,alimentos,13,942.93,49.6278947368421,13
10,alimentos_bebidas,15,2728.35,143.59736842105264,15
10,artes,3,349.05,116.35000000000001,3
10,artigos_de_festas,2,137.8,68.9,2
10,artigos_de_natal,7,388.05,32.3375,7
10,audio,34,2604.37,74.41057142857143,34
10,automotivo,143,23933.69,142.46244047619047,141
10,bebes,145,18256.46,118.54844155844155,145
10,bebidas,10,596.98,49.748333333333335,10
10,beleza_saude,376,47850.92,111.28120930232558,367
10,brinquedos,304,40492.29,120.51276785714286,304
10,cama_mesa_banho,450,51300.89,85.64422370617696,438
10,casa_conforto,26,3619.8,134.06666666666666,26
10,casa_conforto_2,3,64.5,12.9,3
10,casa_construcao,15,4201.17,233.39833333333334,15
10,cds_dvds_musicais,1,45.0,45.0,1
10,cine_foto,1,69.0,69.0,1
10,climatizacao,14,4622.03,192.5845833333333,14
10,consoles_games,111,14601.02,119.6804918032787,111
10,construcao_ferramentas_construcao,15,2576.18,135.58842105263156,15
10,construcao_ferramentas_ferramentas,5,1018.6,203.72,5
10,construcao_ferramentas_iluminacao,2,500.0,250.0,2
10,construcao_ferramentas_jardim,8,746.9,82.98888888888888,8
10,construcao_ferramentas_seguranca,9,1668.85,139.07083333333333,9
10,cool_stuff,254,46916.49,171.22806569343064,254
10,dvds_blu_ray,5,214.4,35.733333333333334,5
10,eletrodomesticos,8,1951.0800000000002,243.88500000000002,8
10,eletrodomesticos_2,10,2843.07,258.4609090909091,10
10,eletronicos,58,4761.3099999999995,73.25092307692307,58
10,eletroportateis,30,6464.85,202.0265625,30
10,esporte_lazer,443,55482.13,107.73229126213592,439
10,fashion_bolsas_e_acessorios,103,8620.16,70.08260162601626,101
10,fashion_calcados,17,1890.91,99.52157894736843,17
10,fashion_esporte,1,59.9,59.9,1
10,fashion_roupa_feminina,1,54.9,54.9,1
10,fashion_roupa_infanto_juvenil,1,39.99,39.99,1
10,fashion_roupa_masculina,10,1066.7,88.89166666666667,9
10,fashion_underwear_e_moda_praia,3,237.7,59.425,3
10,ferramentas_jardim,219,28514.3,94.73189368770764,219
10,fraldas_higiene,1,134.9,134.9,1
10,industria_comercio_e_negocios,8,2616.29,290.69888888888886,8
10,informatica_acessorios,283,46424.29,130.40530898876403,282
10,instrumentos_musicais,22,6882.06,245.78785714285715,22
10,la_cuisine,1,137.0,137.0,1
10,livros_interesse_geral,9,854.0,71.16666666666667,9
10,livros_tecnicos,7,1147.0,163.85714285714286,7
10,malas_acessorios,52,6499.9400000000005,108.33233333333334,52
10,market_place,17,2405.63,96.2252,17
10,moveis_cozinha_area_de_servico_jantar_e_jardim,14,3428.6,214.2875,14
10,moveis_decoracao,321,36900.89,80.21932608695651,313
10,moveis_escritorio,75,19191.71,177.7010185185185,75
10,moveis_quarto,4,1193.9,298.475,4
10,moveis_sala,13,1626.77,77.46523809523809,13
10,musica,1,54.9,54.9,1
10,papelaria,93,8849.28,83.48377358490566,92
10,pcs,26,43170.92,1488.6524137931033,26
10,perfumaria,207,23405.829999999998,99.17724576271186,207
10,pet_shop,68,9313.24,114.97827160493827,68
10,relogios_presentes,292,73682.84,219.94877611940296,290
10,sinalizacao_e_seguranca,7,744.0,74.4,7
10,tablets_impressao_imagem,1,99.0,99.0,1
10,telefonia,237,25223.06,91.05797833935019,235
10,telefonia_fixa,11,4456.76,371.3966666666667,11
10,utilidades_domesticas,200,19403.65,72.94605263157895,199
11,agro_industria_e_comercio,13,13932.49,733.2889473684211,13
11,alimentos,11,613.92,34.10666666666666,11
11,alimentos_bebidas,28,2876.69,82.19114285714286,27
11,artes,1,150.0,75.0,1
11,artigos_de_festas,4,870.69,217.6725,4
11,artigos_de_natal,20,1340.58,55.857499999999995,20
11,audio,33,4168.12,109.68736842105262,33
11,automotivo,245,35814.44,133.13918215613384,244
11,bebes,190,22510.17,106.68327014218009,190
11,bebidas,15,748.61,39.40052631578948,15
11,beleza_saude,530,82771.06999999999,137.0381953642384,526
11,brinquedos,452,67168.03,129.41816955684007,449
11,cama_mesa_banho,817,92164.27,90.5346463654224,803
11,casa_conforto,40,5355.39,119.00866666666667,40
11,casa_conforto_2,3,38.7,12.9,3
11,casa_construcao,33,5005.62,128.34923076923076,33
11,cds_dvds_musicais,3,195.0,65.0,3
11,cine_foto,1,242.0,242.0,1
11,climatizacao,16,4076.62,214.55894736842106,16
11,consoles_games,129,13458.08,94.11244755244755,129
11,construcao_ferramentas_construcao,36,7071.36,144.3134693877551,36
11,construcao_ferramentas_ferramentas,4,269.5,53.9,4
11,construcao_ferramentas_iluminacao,9,2199.48,219.948,9
11,construcao_ferramentas_jardim,14,1258.1,69.89444444444445,14
11,construcao_ferramentas_seguranca,13,3318.59,221.23933333333335,13
11,cool_stuff,291,57688.62,183.72171974522294,291
11,dvds_blu_ray,3,79.78999999999999,26.596666666666664,3
11,eletrodomesticos,25,4515.94,180.6376,25
11,eletrodomesticos_2,13,4854.93,373.4561538461539,13
11,eletronicos,165,10495.43,54.380466321243524,165
11,eletroportateis,30,7826.82,252.47806451612902,30
11,esporte_lazer,557,66431.63,105.95156299840511,546
11,fashion_bolsas_e_acessorios,185,14236.47,65.00671232876712,179
11,fashion_calcados,18,1777.7,88.885,18
11,fashion_esporte,1,59.9,59.9,1
11,fashion_roupa_feminina,3,79.88,26.626666666666665,3
11,fashion_roupa_masculina,11,929.99,77.49916666666667,11
11,fashion_underwear_e_moda_praia,10,1281.5,116.5,10
11,ferramentas_jardim,433,47378.82,82.54149825783972,430
11,flores,6,187.8,31.3,6
11,industria_comercio_e_negocios,7,2074.77,296.3957142857143,7
11,informatica_acessorios,444,74313.0,135.85557586837294,441
11,instrumentos_musicais,44,16509.9,336.93673469387755,44
11,la_cuisine,1,137.0,137.0,1
11,livros_importados,3,324.0,81.0,3
11,livros_interesse_geral,38,3053.66,74.47951219512194,38
11,livros_tecnicos,5,768.9,128.15,5
11,malas_acessorios,65,8798.75,118.90202702702703,65
11,market_place,11,1355.98,84.74875,11
11,moveis_colchao_e_estofado,2,334.0,167.0,2
11,moveis_cozinha_area_de_servico_jantar_e_jardim,28,5225.39,149.29685714285716,28
11,moveis_decoracao,547,65655.44,79.87279805352799,537
11,moveis_escritorio,76,18347.19,176.41528846153844,76
11,moveis_quarto,3,873.0,291.0,3
11,moveis_sala,29,6212.95,159.30641025641026,29
11,papelaria,152,16699.09,100.59692771084337,152
11,pcs,7,12642.0,1404.6666666666667,7
11,perfumaria,293,33865.34,102.00403614457831,292
11,pet_shop,84,12343.98,116.45264150943396,84
11,relogios_presentes,430,100717.41,210.70587866108787,428
11,sinalizacao_e_seguranca,3,672.37,96.05285714285715,3
11,tablets_impressao_imagem,6,350.40000000000003,58.400000000000006,6
11,telefonia,351,27183.43,68.9934771573604,349
11,telefonia_fixa,5,943.98,188.796,5
11,utilidades_domesticas,353,36498.6,81.47008928571428,350
12,agro_industria_e_comercio,9,5291.7,481.06363636363636,9
12,alimentos,12,978.1899999999999,69.87071428571429,12
12,alimentos_bebidas,19,1098.68,49.940000000000005,19
12,artes,3,120.6,30.15,3
12,artigos_de_festas,2,515.2,257.6,2
12,artigos_de_natal,14,500.09000000000003,29.417058823529413,14
12,audio,17,2706.83,150.37944444444443,17
12,automotivo,243,40415.63,144.3415357142857,242
12,bebes,139,20488.03,136.58686666666665,139
12,bebidas,31,2132.84,62.73058823529412,30
12,beleza_saude,432,65192.95,136.95997899159664,427
12,brinquedos,421,58173.62,128.70269911504425,420
12,cama_mesa_banho,481,52354.68,90.26668965517241,474
12,casa_conforto,14,2257.8,161.27142857142857,14
12,casa_construcao,30,6789.7,169.7425,30
12,cds_dvds_musicais,1,65.0,65.0,1
12,climatizacao,3,668.8,222.9333333333333,3
12,consoles_games,88,9566.51,97.61744897959184,88
12,construcao_ferramentas_construcao,22,5830.35,215.9388888888889,22
12,construcao_ferramentas_ferramentas,6,379.3,54.18571428571429,6
12,construcao_ferramentas_iluminacao,2,176.0,88.0,2
12,construcao_ferramentas_jardim,6,928.9000000000001,154.8166666666667,6
12,construcao_ferramentas_seguranca,7,1584.92,198.115,7
12,cool_stuff,235,41599.29,152.9385661764706,235
12,dvds_blu_ray,1,119.9,119.9,1
12,eletrodomesticos,16,1331.0,83.1875,16
12,eletrodomesticos_2,8,1990.16,248.77,8
12,eletronicos,190,9228.46,39.27004255319149,190
12,eletroportateis,28,8913.77,307.3713793103448,28
12,esporte_lazer,440,61640.95,120.15779727095516,434
12,fashion_bolsas_e_acessorios,125,11107.34,74.04893333333334,123
12,fashion_calcados,12,1183.9,84.56428571428572,12
12,fashion_esporte,1,59.9,59.9,1
12,fashion_roupa_masculina,4,450.89,112.7225,4
12,fashion_underwear_e_moda_praia,13,1173.1,90.23846153846154,13
12,ferramentas_jardim,245,28272.329999999998,84.64769461077844,245
12,flores,2,82.7,41.35,2
12,fraldas_higiene,1,76.0,38.0,1
12,industria_comercio_e_negocios,9,1828.5,203.16666666666666,9
12,informatica_acessorios,252,38437.409999999996,129.85611486486485,249
12,instrumentos_musicais,41,12112.22,281.6795348837209,40
12,livros_importados,3,231.0,77.0,3
12,livros_interesse_geral,38,2512.1,58.420930232558135,38
12,livros_tecnicos,4,670.69,167.6725,4
12,malas_acessorios,45,6248.21,132.94063829787234,45
12,market_place,13,703.25,50.232142857142854,13
12,moveis_colchao_e_estofado,8,1052.7,116.96666666666667,8
12,moveis_cozinha_area_de_servico_jantar_e_jardim,16,4277.3,213.865,16
12,moveis_decoracao,315,34528.72,83.20173493975904,308
12,moveis_escritorio,39,7238.36,144.7672,39
12,moveis_quarto,1,185.0,185.0,1
12,moveis_sala,16,2316.01,115.80050000000001,14
12,papelaria,231,26484.99,102.655,231
12,pcs,19,16741.0,727.8695652173913,19
12,perfumaria,233,28651.2,114.6048,231
12,pet_shop,71,7287.03,95.88197368421052,71
12,relogios_presentes,346,73444.61,195.85229333333334,343
12,sinalizacao_e_seguranca,2,770.0,385.0,2
12,tablets_impressao_imagem,6,419.40000000000003,69.9,6
12,telefonia,244,14260.69,50.93103571428571,243
12,telefonia_fixa,5,998.77,199.754,5
12,utilidades_domesticas,249,27292.47,89.19107843137255,249
