from_category,to_category,count
cama_mesa_banho,cama_mesa_banho,582
moveis_decoracao,moveis_decoracao,390
esporte_lazer,esporte_lazer,304
informatica_acessorios,informatica_acessorios,282
beleza_saude,beleza_saude,216
utilidades_domesticas,utilidades_domesticas,185
ferramentas_jardim,ferramentas_jardim,135
relogios_presentes,relogios_presentes,125
fashion_bolsas_e_acessorios,fashion_bolsas_e_acessorios,109
telefonia,telefonia,96
automotivo,automotivo,73
brinquedos,brinquedos,72
eletrodomesticos,eletrodomesticos,67
perfumaria,perfumaria,63
moveis_decoracao,cama_mesa_banho,59
cama_mesa_banho,moveis_decoracao,54
bebes,bebes,41
pet_shop,pet_shop,41
moveis_escritorio,moveis_escritorio,36
cool_stuff,cool_stuff,32
papelaria,papelaria,30
utilidades_domesticas,cama_mesa_banho,28
cama_mesa_banho,utilidades_domesticas,27
construcao_ferramentas_construcao,construcao_ferramentas_construcao,26
moveis_decoracao,utilidades_domesticas,22
alimentos,alimentos,20
bebidas,bebidas,20
ferramentas_jardim,moveis_decoracao,19
casa_construcao,casa_construcao,17
moveis_sala,moveis_sala,17
malas_acessorios,malas_acessorios,16
utilidades_domesticas,moveis_decoracao,15
cama_mesa_banho,informatica_acessorios,14
beleza_saude,esporte_lazer,14
eletronicos,eletronicos,14
moveis_decoracao,beleza_saude,13
casa_conforto,cama_mesa_banho,12
esporte_lazer,beleza_saude,12
cama_mesa_banho,beleza_saude,12
cama_mesa_banho,bebes,12
moveis_decoracao,ferramentas_jardim,12
esporte_lazer,relogios_presentes,12
moveis_decoracao,relogios_presentes,11
perfumaria,moveis_decoracao,11
esporte_lazer,cama_mesa_banho,11
esporte_lazer,moveis_decoracao,11
bebes,cama_mesa_banho,10
alimentos_bebidas,alimentos_bebidas,10
utilidades_domesticas,informatica_acessorios,9
livros_interesse_geral,livros_interesse_geral,9
fraldas_higiene,fraldas_higiene,9
informatica_acessorios,beleza_saude,9
construcao_ferramentas_jardim,construcao_ferramentas_jardim,9
cama_mesa_banho,brinquedos,9
consoles_games,consoles_games,9
beleza_saude,perfumaria,8
esporte_lazer,fashion_bolsas_e_acessorios,8
utilidades_domesticas,esporte_lazer,8
cama_mesa_banho,automotivo,8
cool_stuff,bebes,8
ferramentas_jardim,utilidades_domesticas,8
beleza_saude,cama_mesa_banho,8
moveis_decoracao,cool_stuff,8
informatica_acessorios,telefonia,8
cool_stuff,cama_mesa_banho,8
sinalizacao_e_seguranca,sinalizacao_e_seguranca,7
telefonia,cama_mesa_banho,7
beleza_saude,moveis_decoracao,7
cama_mesa_banho,esporte_lazer,7
esporte_lazer,informatica_acessorios,7
esporte_lazer,utilidades_domesticas,7
telefonia,esporte_lazer,7
perfumaria,beleza_saude,7
perfumaria,esporte_lazer,7
moveis_decoracao,esporte_lazer,7
informatica_acessorios,cama_mesa_banho,7
beleza_saude,relogios_presentes,7
cama_mesa_banho,casa_conforto,7
brinquedos,bebes,7
bebes,brinquedos,7
ferramentas_jardim,automotivo,6
instrumentos_musicais,instrumentos_musicais,6
moveis_decoracao,bebes,6
relogios_presentes,fashion_bolsas_e_acessorios,6
utilidades_domesticas,brinquedos,6
relogios_presentes,utilidades_domesticas,6
utilidades_domesticas,bebes,6
moveis_decoracao,informatica_acessorios,6
papelaria,beleza_saude,6
relogios_presentes,moveis_decoracao,6
relogios_presentes,brinquedos,6
fashion_bolsas_e_acessorios,esporte_lazer,6
casa_construcao,moveis_decoracao,6
cool_stuff,brinquedos,6
esporte_lazer,ferramentas_jardim,6
beleza_saude,cool_stuff,6
bebes,utilidades_domesticas,6
ferramentas_jardim,esporte_lazer,6
ferramentas_jardim,informatica_acessorios,6
esporte_lazer,perfumaria,6
brinquedos,relogios_presentes,6
cama_mesa_banho,ferramentas_jardim,6
cama_mesa_banho,pet_shop,6
cama_mesa_banho,fashion_bolsas_e_acessorios,6
brinquedos,fashion_bolsas_e_acessorios,6
brinquedos,esporte_lazer,6
beleza_saude,utilidades_domesticas,6
agro_industria_e_comercio,agro_industria_e_comercio,6
utilidades_domesticas,relogios_presentes,5
brinquedos,cama_mesa_banho,5
beleza_saude,telefonia,5
telefonia,relogios_presentes,5
utilidades_domesticas,beleza_saude,5
brinquedos,papelaria,5
cama_mesa_banho,cool_stuff,5
relogios_presentes,cama_mesa_banho,5
moveis_decoracao,brinquedos,5
perfumaria,cama_mesa_banho,5
papelaria,utilidades_domesticas,5
cama_mesa_banho,perfumaria,5
pet_shop,cama_mesa_banho,5
moveis_decoracao,perfumaria,5
fashion_bolsas_e_acessorios,relogios_presentes,5
informatica_acessorios,esporte_lazer,5
eletrodomesticos_2,eletrodomesticos_2,5
utilidades_domesticas,construcao_ferramentas_construcao,5
telefonia,informatica_acessorios,5
esporte_lazer,eletronicos,5
fashion_bolsas_e_acessorios,bebes,5
ferramentas_jardim,cama_mesa_banho,5
informatica_acessorios,moveis_decoracao,5
bebes,moveis_decoracao,5
construcao_ferramentas_seguranca,construcao_ferramentas_seguranca,5
informatica_acessorios,utilidades_domesticas,5
beleza_saude,brinquedos,4
relogios_presentes,esporte_lazer,4
beleza_saude,bebidas,4
cool_stuff,automotivo,4
perfumaria,relogios_presentes,4
moveis_quarto,moveis_quarto,4
construcao_ferramentas_construcao,moveis_decoracao,4
moveis_decoracao,construcao_ferramentas_iluminacao,4
moveis_decoracao,casa_construcao,4
moveis_sala,cama_mesa_banho,4
industria_comercio_e_negocios,industria_comercio_e_negocios,4
fashion_calcados,fashion_calcados,4
fashion_bolsas_e_acessorios,utilidades_domesticas,4
fashion_bolsas_e_acessorios,telefonia,4
fashion_bolsas_e_acessorios,beleza_saude,4
bebes,beleza_saude,4
fashion_roupa_masculina,fashion_roupa_masculina,4
eletroportateis,eletroportateis,4
esporte_lazer,alimentos,4
moveis_cozinha_area_de_servico_jantar_e_jardim,moveis_cozinha_area_de_servico_jantar_e_jardim,4
moveis_decoracao,fashion_bolsas_e_acessorios,4
informatica_acessorios,ferramentas_jardim,4
bebes,cool_stuff,4
pet_shop,moveis_decoracao,4
beleza_saude,papelaria,4
beleza_saude,automotivo,4
moveis_decoracao,papelaria,4
pcs,pcs,4
cama_mesa_banho,relogios_presentes,4
brinquedos,moveis_decoracao,4
beleza_saude,informatica_acessorios,4
telefonia,beleza_saude,4
beleza_saude,ferramentas_jardim,4
utilidades_domesticas,fashion_bolsas_e_acessorios,4
telefonia,automotivo,4
fashion_bolsas_e_acessorios,brinquedos,4
fashion_bolsas_e_acessorios,moveis_decoracao,4
automotivo,eletronicos,4
cool_stuff,utilidades_domesticas,4
eletronicos,informatica_acessorios,4
informatica_acessorios,fashion_bolsas_e_acessorios,4
fashion_underwear_e_moda_praia,fashion_underwear_e_moda_praia,4
automotivo,relogios_presentes,4
utilidades_domesticas,perfumaria,4
papelaria,relogios_presentes,3
automotivo,moveis_decoracao,3
eletronicos,relogios_presentes,3
informatica_acessorios,pet_shop,3
eletrodomesticos,cama_mesa_banho,3
eletronicos,ferramentas_jardim,3
relogios_presentes,informatica_acessorios,3
moveis_cozinha_area_de_servico_jantar_e_jardim,cama_mesa_banho,3
cool_stuff,relogios_presentes,3
fashion_calcados,cama_mesa_banho,3
esporte_lazer,casa_construcao,3
utilidades_domesticas,eletroportateis,3
alimentos,beleza_saude,3
telefonia,perfumaria,3
fashion_bolsas_e_acessorios,cama_mesa_banho,3
ferramentas_jardim,bebes,3
esporte_lazer,automotivo,3
ferramentas_jardim,beleza_saude,3
ferramentas_jardim,casa_construcao,3
fashion_roupa_feminina,fashion_roupa_feminina,3
esporte_lazer,alimentos_bebidas,3
informatica_acessorios,papelaria,3
esporte_lazer,brinquedos,3
consoles_games,utilidades_domesticas,3
construcao_ferramentas_construcao,esporte_lazer,3
moveis_decoracao,eletronicos,3
moveis_escritorio,moveis_decoracao,3
papelaria,esporte_lazer,3
cama_mesa_banho,telefonia,3
perfumaria,pet_shop,3
cama_mesa_banho,moveis_sala,3
perfumaria,papelaria,3
moveis_decoracao,casa_conforto,3
moveis_decoracao,moveis_escritorio,3
papelaria,perfumaria,3
construcao_ferramentas_iluminacao,moveis_decoracao,3
moveis_escritorio,cama_mesa_banho,3
papelaria,cama_mesa_banho,3
consoles_games,esporte_lazer,3
pet_shop,ferramentas_jardim,3
cama_mesa_banho,climatizacao,3
beleza_saude,pet_shop,3
relogios_presentes,eletronicos,3
relogios_presentes,cool_stuff,3
relogios_presentes,audio,3
climatizacao,climatizacao,3
telefonia,bebidas,3
brinquedos,utilidades_domesticas,3
telefonia_fixa,utilidades_domesticas,3
telefonia,brinquedos,3
brinquedos,automotivo,3
beleza_saude,malas_acessorios,3
relogios_presentes,papelaria,3
brinquedos,beleza_saude,3
utilidades_domesticas,malas_acessorios,3
esporte_lazer,pet_shop,3
esporte_lazer,telefonia,3
fashion_bolsas_e_acessorios,malas_acessorios,3
automotivo,esporte_lazer,3
malas_acessorios,informatica_acessorios,3
moveis_decoracao,automotivo,3
eletronicos,moveis_decoracao,3
informatica_acessorios,cool_stuff,3
informatica_acessorios,brinquedos,3
cool_stuff,informatica_acessorios,3
automotivo,ferramentas_jardim,3
eletronicos,esporte_lazer,3
automotivo,cama_mesa_banho,3
moveis_decoracao,moveis_cozinha_area_de_servico_jantar_e_jardim,2
moveis_decoracao,eletrodomesticos_2,2
moveis_decoracao,pet_shop,2
casa_conforto,moveis_decoracao,2
artigos_de_natal,moveis_decoracao,2
perfumaria,utilidades_domesticas,2
relogios_presentes,automotivo,2
pet_shop,automotivo,2
cama_mesa_banho,papelaria,2
moveis_escritorio,utilidades_domesticas,2
moveis_escritorio,moveis_sala,2
moveis_sala,moveis_decoracao,2
papelaria,brinquedos,2
papelaria,moveis_decoracao,2
papelaria,malas_acessorios,2
perfumaria,cool_stuff,2
audio,relogios_presentes,2
audio,esporte_lazer,2
audio,audio,2
brinquedos,construcao_ferramentas_jardim,2
beleza_saude,eletronicos,2
brinquedos,construcao_ferramentas_construcao,2
brinquedos,instrumentos_musicais,2
relogios_presentes,construcao_ferramentas_construcao,2
utilidades_domesticas,bebidas,2
telefonia,utilidades_domesticas,2
beleza_saude,fashion_bolsas_e_acessorios,2
alimentos_bebidas,esporte_lazer,2
alimentos_bebidas,utilidades_domesticas,2
artes,artes,2
artes_e_artesanato,artes_e_artesanato,2
beleza_saude,moveis_escritorio,2
utilidades_domesticas,ferramentas_jardim,2
utilidades_domesticas,agro_industria_e_comercio,2
relogios_presentes,telefonia,2
brinquedos,informatica_acessorios,2
bebidas,esporte_lazer,2
cama_mesa_banho,moveis_cozinha_area_de_servico_jantar_e_jardim,2
relogios_presentes,beleza_saude,2
brinquedos,perfumaria,2
relogios_presentes,ferramentas_jardim,2
papelaria,telefonia,2
perfumaria,consoles_games,2
perfumaria,fashion_bolsas_e_acessorios,2
consoles_games,beleza_saude,2
perfumaria,eletronicos,2
bebidas,beleza_saude,2
pet_shop,informatica_acessorios,2
pet_shop,fashion_bolsas_e_acessorios,2
pet_shop,eletronicos,2
pet_shop,cool_stuff,2
cool_stuff,beleza_saude,2
cool_stuff,eletronicos,2
construcao_ferramentas_construcao,cama_mesa_banho,2
eletronicos,moveis_sala,2
informatica_acessorios,eletronicos,2
ferramentas_jardim,moveis_escritorio,2
ferramentas_jardim,telefonia,2
informatica_acessorios,casa_construcao,2
instrumentos_musicais,brinquedos,2
livros_tecnicos,livros_tecnicos,2
livros_interesse_geral,beleza_saude,2
bebes,esporte_lazer,2
bebes,fashion_bolsas_e_acessorios,2
eletrodomesticos,construcao_ferramentas_construcao,2
ferramentas_jardim,perfumaria,2
market_place,utilidades_domesticas,2
cool_stuff,moveis_decoracao,2
eletrodomesticos,beleza_saude,2
dvds_blu_ray,dvds_blu_ray,2
cool_stuff,telefonia_fixa,2
moveis_cozinha_area_de_servico_jantar_e_jardim,moveis_decoracao,2
moveis_decoracao,alimentos,2
automotivo,instrumentos_musicais,2
market_place,esporte_lazer,2
automotivo,fashion_bolsas_e_acessorios,2
automotivo,informatica_acessorios,2
malas_acessorios,perfumaria,2
cool_stuff,ferramentas_jardim,2
eletronicos,beleza_saude,2
cool_stuff,esporte_lazer,2
bebes,informatica_acessorios,2
malas_acessorios,beleza_saude,2
ferramentas_jardim,eletronicos,2
eletronicos,cama_mesa_banho,2
eletronicos,fashion_bolsas_e_acessorios,2
esporte_lazer,cool_stuff,2
esporte_lazer,construcao_ferramentas_ferramentas,2
esporte_lazer,consoles_games,2
fashion_bolsas_e_acessorios,papelaria,2
fashion_bolsas_e_acessorios,pet_shop,2
esporte_lazer,bebes,2
eletroportateis,utilidades_domesticas,2
esporte_lazer,fashion_roupa_masculina,2
fashion_underwear_e_moda_praia,cama_mesa_banho,2
fashion_bolsas_e_acessorios,perfumaria,2
fashion_calcados,relogios_presentes,2
ferramentas_jardim,fashion_bolsas_e_acessorios,2
fashion_bolsas_e_acessorios,informatica_acessorios,2
bebes,automotivo,2
esporte_lazer,malas_acessorios,2
fashion_bolsas_e_acessorios,cool_stuff,2
esporte_lazer,papelaria,2
automotivo,pet_shop,2
automotivo,perfumaria,2
bebes,telefonia,2
automotivo,telefonia,2
utilidades_domesticas,moveis_sala,2
alimentos,perfumaria,2
telefonia_fixa,esporte_lazer,2
telefonia_fixa,informatica_acessorios,2
telefonia,moveis_decoracao,2
telefonia,ferramentas_jardim,2
telefonia,fashion_bolsas_e_acessorios,2
telefonia,eletroportateis,2
alimentos_bebidas,casa_conforto,1
telefonia,casa_construcao,1
telefonia,construcao_ferramentas_construcao,1
artigos_de_natal,artigos_de_natal,1
beleza_saude,livros_tecnicos,1
beleza_saude,fashion_underwear_e_moda_praia,1
beleza_saude,fashion_calcados,1
sinalizacao_e_seguranca,construcao_ferramentas_construcao,1
sinalizacao_e_seguranca,beleza_saude,1
relogios_presentes,perfumaria,1
relogios_presentes,moveis_escritorio,1
telefonia,pet_shop,1
utilidades_domesticas,consoles_games,1
utilidades_domesticas,automotivo,1
utilidades_domesticas,alimentos_bebidas,1
beleza_saude,eletrodomesticos_2,1
brinquedos,eletronicos,1
brinquedos,cool_stuff,1
brinquedos,consoles_games,1
automotivo,papelaria,1
bebidas,automotivo,1
fashion_bolsas_e_acessorios,market_place,1
fashion_bolsas_e_acessorios,livros_interesse_geral,1
fashion_bolsas_e_acessorios,ferramentas_jardim,1
fashion_bolsas_e_acessorios,fashion_esporte,1
fashion_bolsas_e_acessorios,dvds_blu_ray,1
fashion_esporte,relogios_presentes,1
esporte_lazer,moveis_escritorio,1
esporte_lazer,market_place,1
esporte_lazer,instrumentos_musicais,1
fashion_bolsas_e_acessorios,musica,1
fashion_bolsas_e_acessorios,moveis_quarto,1
fashion_bolsas_e_acessorios,moveis_escritorio,1
automotivo,utilidades_domesticas,1
automotivo,tablets_impressao_imagem,1
fashion_roupa_feminina,fashion_roupa_masculina,1
fashion_roupa_feminina,brinquedos,1
fashion_calcados,perfumaria,1
fashion_calcados,informatica_acessorios,1
fashion_calcados,esporte_lazer,1
fashion_calcados,eletrodomesticos,1
fashion_calcados,brinquedos,1
fashion_calcados,beleza_saude,1
ferramentas_jardim,artes,1
esporte_lazer,fashion_roupa_feminina,1
esporte_lazer,construcao_ferramentas_jardim,1
esporte_lazer,construcao_ferramentas_iluminacao,1
esporte_lazer,climatizacao,1
fashion_bolsas_e_acessorios,automotivo,1
fashion_bolsas_e_acessorios,artigos_de_natal,1
fashion_bolsas_e_acessorios,artes,1
eletroportateis,moveis_escritorio,1
eletroportateis,moveis_decoracao,1
eletroportateis,moveis_colchao_e_estofado,1
eletroportateis,esporte_lazer,1
eletroportateis,cool_stuff,1
eletroportateis,construcao_ferramentas_iluminacao,1
esporte_lazer,industria_comercio_e_negocios,1
fashion_underwear_e_moda_praia,relogios_presentes,1
fashion_underwear_e_moda_praia,pet_shop,1
fashion_underwear_e_moda_praia,cool_stuff,1
fashion_roupa_masculina,utilidades_domesticas,1
fashion_roupa_masculina,moveis_decoracao,1
fashion_roupa_masculina,informatica_acessorios,1
fashion_roupa_masculina,cama_mesa_banho,1
fashion_roupa_infanto_juvenil,fashion_bolsas_e_acessorios,1
fashion_roupa_feminina,ferramentas_jardim,1
eletronicos,eletrodomesticos,1
eletronicos,casa_construcao,1
eletronicos,casa_conforto,1
eletronicos,brinquedos,1
ferramentas_jardim,eletrodomesticos,1
ferramentas_jardim,construcao_ferramentas_seguranca,1
ferramentas_jardim,construcao_ferramentas_iluminacao,1
ferramentas_jardim,construcao_ferramentas_construcao,1
ferramentas_jardim,consoles_games,1
ferramentas_jardim,climatizacao,1
industria_comercio_e_negocios,moveis_decoracao,1
industria_comercio_e_negocios,esporte_lazer,1
industria_comercio_e_negocios,cool_stuff,1
industria_comercio_e_negocios,beleza_saude,1
esporte_lazer,bebidas,1
eletroportateis,relogios_presentes,1
eletrodomesticos,perfumaria,1
eletrodomesticos,livros_tecnicos,1
eletrodomesticos,informatica_acessorios,1
eletrodomesticos,ferramentas_jardim,1
eletrodomesticos,climatizacao,1
ferramentas_jardim,relogios_presentes,1
ferramentas_jardim,pet_shop,1
ferramentas_jardim,papelaria,1
ferramentas_jardim,moveis_cozinha_area_de_servico_jantar_e_jardim,1
ferramentas_jardim,malas_acessorios,1
informatica_acessorios,eletroportateis,1
informatica_acessorios,eletrodomesticos,1
informatica_acessorios,construcao_ferramentas_seguranca,1
eletroportateis,beleza_saude,1
eletronicos,utilidades_domesticas,1
eletronicos,telefonia,1
livros_importados,livros_importados,1
informatica_acessorios,construcao_ferramentas_construcao,1
informatica_acessorios,bebes,1
informatica_acessorios,automotivo,1
instrumentos_musicais,telefonia,1
instrumentos_musicais,relogios_presentes,1
instrumentos_musicais,portateis_cozinha_e_preparadores_de_alimentos,1
instrumentos_musicais,fashion_bolsas_e_acessorios,1
instrumentos_musicais,eletronicos,1
informatica_acessorios,telefonia_fixa,1
informatica_acessorios,sinalizacao_e_seguranca,1
beleza_saude,construcao_ferramentas_seguranca,1
beleza_saude,consoles_games,1
eletrodomesticos_2,eletronicos,1
eletrodomesticos,utilidades_domesticas,1
eletrodomesticos,relogios_presentes,1
bebes,pet_shop,1
bebes,papelaria,1
bebes,musica,1
bebes,fashion_underwear_e_moda_praia,1
bebes,fashion_calcados,1
informatica_acessorios,musica,1
informatica_acessorios,instrumentos_musicais,1
malas_acessorios,eletroportateis,1
malas_acessorios,eletrodomesticos,1
malas_acessorios,cool_stuff,1
malas_acessorios,cama_mesa_banho,1
livros_tecnicos,musica,1
livros_interesse_geral,utilidades_domesticas,1
livros_interesse_geral,relogios_presentes,1
livros_interesse_geral,moveis_decoracao,1
livros_interesse_geral,ferramentas_jardim,1
la_cuisine,papelaria,1
la_cuisine,informatica_acessorios,1
market_place,moveis_escritorio,1
market_place,market_place,1
market_place,informatica_acessorios,1
market_place,fashion_bolsas_e_acessorios,1
automotivo,eletrodomesticos,1
automotivo,construcao_ferramentas_seguranca,1
automotivo,construcao_ferramentas_ferramentas,1
automotivo,consoles_games,1
cool_stuff,fashion_bolsas_e_acessorios,1
eletronicos,automotivo,1
eletronicos,audio,1
eletronicos,alimentos,1
bebes,tablets_impressao_imagem,1
bebes,relogios_presentes,1
cool_stuff,pc_gamer,1
cool_stuff,moveis_sala,1
cool_stuff,malas_acessorios,1
cool_stuff,industria_comercio_e_negocios,1
automotivo,casa_construcao,1
bebes,consoles_games,1
bebes,climatizacao,1
bebes,casa_conforto,1
market_place,cama_mesa_banho,1
malas_acessorios,utilidades_domesticas,1
malas_acessorios,telefonia,1
malas_acessorios,pet_shop,1
malas_acessorios,ferramentas_jardim,1
malas_acessorios,fashion_roupa_masculina,1
malas_acessorios,fashion_calcados,1
malas_acessorios,esporte_lazer,1
cool_stuff,artes,1
construcao_ferramentas_seguranca,malas_acessorios,1
moveis_decoracao,artes,1
moveis_decoracao,agro_industria_e_comercio,1
moveis_cozinha_area_de_servico_jantar_e_jardim,utilidades_domesticas,1
moveis_cozinha_area_de_servico_jantar_e_jardim,malas_acessorios,1
moveis_cozinha_area_de_servico_jantar_e_jardim,informatica_acessorios,1
moveis_colchao_e_estofado,esporte_lazer,1
moveis_colchao_e_estofado,cama_mesa_banho,1
moveis_colchao_e_estofado,bebes,1
market_place,relogios_presentes,1
construcao_ferramentas_seguranca,cama_mesa_banho,1
construcao_ferramentas_seguranca,automotivo,1
construcao_ferramentas_jardim,perfumaria,1
eletrodomesticos,bebes,1
cool_stuff,telefonia,1
moveis_escritorio,eletrodomesticos_2,1
moveis_escritorio,cine_foto,1
moveis_decoracao,eletrodomesticos,1
moveis_decoracao,construcao_ferramentas_construcao,1
moveis_decoracao,climatizacao,1
moveis_decoracao,bebidas,1
moveis_decoracao,tablets_impressao_imagem,1
moveis_decoracao,pcs,1
moveis_decoracao,moveis_sala,1
construcao_ferramentas_construcao,casa_construcao,1
construcao_ferramentas_construcao,brinquedos,1
consoles_games,relogios_presentes,1
consoles_games,moveis_decoracao,1
consoles_games,informatica_acessorios,1
cool_stuff,consoles_games,1
cool_stuff,audio,1
moveis_sala,consoles_games,1
moveis_sala,casa_construcao,1
moveis_sala,brinquedos,1
moveis_sala,bebes,1
moveis_quarto,utilidades_domesticas,1
moveis_quarto,pet_shop,1
moveis_quarto,papelaria,1
moveis_decoracao,market_place,1
moveis_decoracao,livros_interesse_geral,1
moveis_decoracao,instrumentos_musicais,1
moveis_decoracao,industria_comercio_e_negocios,1
moveis_quarto,automotivo,1
moveis_escritorio,telefonia,1
moveis_escritorio,relogios_presentes,1
moveis_escritorio,papelaria,1
moveis_escritorio,esporte_lazer,1
climatizacao,ferramentas_jardim,1
climatizacao,esporte_lazer,1
climatizacao,eletronicos,1
climatizacao,eletrodomesticos,1
climatizacao,construcao_ferramentas_construcao,1
construcao_ferramentas_jardim,cama_mesa_banho,1
construcao_ferramentas_jardim,automotivo,1
construcao_ferramentas_ferramentas,construcao_ferramentas_ferramentas,1
construcao_ferramentas_construcao,utilidades_domesticas,1
construcao_ferramentas_construcao,moveis_quarto,1
moveis_escritorio,casa_construcao,1
moveis_escritorio,brinquedos,1
moveis_escritorio,beleza_saude,1
moveis_escritorio,automotivo,1
moveis_sala,ferramentas_jardim,1
moveis_sala,esporte_lazer,1
audio,beleza_saude,1
audio,artigos_de_natal,1
artigos_de_natal,relogios_presentes,1
moveis_quarto,moveis_decoracao,1
moveis_quarto,fashion_bolsas_e_acessorios,1
moveis_quarto,cool_stuff,1
moveis_quarto,cama_mesa_banho,1
papelaria,moveis_quarto,1
papelaria,informatica_acessorios,1
papelaria,fashion_calcados,1
papelaria,cool_stuff,1
papelaria,bebidas,1
climatizacao,telefonia,1
climatizacao,pet_shop,1
climatizacao,moveis_escritorio,1
climatizacao,moveis_decoracao,1
casa_construcao,construcao_ferramentas_iluminacao,1
casa_construcao,automotivo,1
casa_conforto_2,casa_conforto_2,1
casa_conforto,utilidades_domesticas,1
casa_conforto,moveis_sala,1
consoles_games,fashion_bolsas_e_acessorios,1
consoles_games,casa_conforto,1
consoles_games,cama_mesa_banho,1
consoles_games,automotivo,1
papelaria,alimentos_bebidas,1
musica,musica,1
audio,telefonia,1
audio,perfumaria,1
audio,moveis_decoracao,1
audio,informatica_acessorios,1
audio,fashion_bolsas_e_acessorios,1
cama_mesa_banho,moveis_escritorio,1
cine_foto,utilidades_domesticas,1
cine_foto,cine_foto,1
cine_foto,alimentos_bebidas,1
automotivo,moveis_quarto,1
automotivo,moveis_escritorio,1
automotivo,malas_acessorios,1
perfumaria,construcao_ferramentas_construcao,1
perfumaria,climatizacao,1
perfumaria,automotivo,1
perfumaria,artes,1
perfumaria,alimentos,1
casa_construcao,utilidades_domesticas,1
casa_construcao,pet_shop,1
casa_construcao,papelaria,1
casa_construcao,malas_acessorios,1
relogios_presentes,moveis_cozinha_area_de_servico_jantar_e_jardim,1
relogios_presentes,malas_acessorios,1
pet_shop,casa_construcao,1
pet_shop,brinquedos,1
pet_shop,audio,1
pet_shop,alimentos,1
perfumaria,market_place,1
perfumaria,livros_importados,1
perfumaria,ferramentas_jardim,1
perfumaria,fashion_calcados,1
casa_conforto,esporte_lazer,1
casa_conforto,eletroportateis,1
casa_conforto,casa_conforto,1
casa_conforto,beleza_saude,1
cama_mesa_banho,telefonia_fixa,1
cama_mesa_banho,pcs,1
bebidas,informatica_acessorios,1
bebidas,eletronicos,1
bebidas,cama_mesa_banho,1
cama_mesa_banho,fashion_underwear_e_moda_praia,1
cama_mesa_banho,eletroportateis,1
cama_mesa_banho,eletronicos,1
cama_mesa_banho,construcao_ferramentas_iluminacao,1
cama_mesa_banho,consoles_games,1
cama_mesa_banho,casa_construcao,1
relogios_presentes,alimentos,1
pet_shop,utilidades_domesticas,1
pet_shop,tablets_impressao_imagem,1
pet_shop,relogios_presentes,1
pet_shop,perfumaria,1
pet_shop,construcao_ferramentas_construcao,1
pet_shop,consoles_games,1
brinquedos,casa_conforto,1
brinquedos,artigos_de_festas,1
brinquedos,portateis_casa_forno_e_cafe,1
relogios_presentes,fashion_calcados,1
relogios_presentes,eletrodomesticos,1
relogios_presentes,bebes,1
telefonia,bebes,1
tablets_impressao_imagem,beleza_saude,1
brinquedos,pet_shop,1
brinquedos,moveis_escritorio,1
brinquedos,livros_interesse_geral,1
brinquedos,ferramentas_jardim,1
cama_mesa_banho,instrumentos_musicais,1
beleza_saude,bebes,1
beleza_saude,alimentos_bebidas,1
bebidas,telefonia,1
telefonia,eletronicos,1
utilidades_domesticas,telefonia_fixa,1
utilidades_domesticas,telefonia,1
artigos_de_festas,cama_mesa_banho,1
artes_e_artesanato,moveis_decoracao,1
artes,utilidades_domesticas,1
artes,moveis_decoracao,1
artes,ferramentas_jardim,1
artes,artigos_de_natal,1
alimentos_bebidas,informatica_acessorios,1
alimentos_bebidas,ferramentas_jardim,1
utilidades_domesticas,instrumentos_musicais,1
utilidades_domesticas,fashion_calcados,1
artigos_de_natal,casa_construcao,1
artigos_de_natal,cama_mesa_banho,1
artigos_de_natal,beleza_saude,1
automotivo,sinalizacao_e_seguranca,1
agro_industria_e_comercio,eletrodomesticos,1
alimentos,bebidas,1
alimentos,cama_mesa_banho,1
alimentos,esporte_lazer,1
alimentos,informatica_acessorios,1
alimentos,pet_shop,1
utilidades_domesticas,eletrodomesticos_2,1
utilidades_domesticas,cool_stuff,1
utilidades_domesticas,papelaria,1
utilidades_domesticas,market_place,1
automotivo,brinquedos,1
automotivo,beleza_saude,1
automotivo,bebes,1
telefonia,moveis_sala,1
telefonia,malas_acessorios,1
